cidades,estados
Rio de Janeiro,RJ
Maringá,PR
Montes Claros,MG
Maceió,AL
Montes Claros,MG
Santa Maria,MS
Rio de Janeiro,RJ
Manaus,AM
Manaus,AM
São José do Campos,SP
Piracicaba,SP
Nova Iguaçu,RJ
Franca,SP
São Paulo,SP
Jundiaí,SP
São Paulo,SP
Rio de Janeiro,AL
Nova Iguaçu,RJ
Curitiba,PR
Palmas,TO
Rio de Janeiro,RJ
Palmas,TO
Minas Gerais,MG
Minas Gerais,MG
São José do Rio Preto,SP
Rio de Janeiro,RJ
Salvador,BA
Belém do Pará,PA
Porto Velho,RO
Rio de Janeiro,RJ
Curitiba,PR
Caxias do Sul,RS
Natal,RN
Vila Velha,ES
Montes Claros,MG
Natal,RN
São Paulo,SP
Taubaté ,SP
Curitiba,PR
Duque de Caxias,RJ
São Luís,CE
Porto Velho,RO
Rio de Janeiro,RJ
Rio de Janeiro,RJ
São Bernardo do Campo,SP
Porto Velho,RO
Piracicaba,SP
Palmas,TO
Curitiba,PR
Campinas,SP
Caruaru,PE
Belo Horizonte,SC
Campo Grande,MS
Caruaru,PE
Rio de Janeiro,RJ
Natal,RN
Vitória,ES
Vila Velha,ES
Londrina,PR
Bauru,SP
Maceió,AL
São José do Campos,SP
Rio de Janeiro,RJ
Curitiba,PR
Salvador,BA
Belo Horizonte,SC
São João de Meriti,RJ
São Paulo,SP
Natal,RN
Rio de Janeiro,AL
Caxias do Sul,RS
Piracicaba,SP
Rio de Janeiro,RJ
Nova Iguaçu,RJ
Rio de Janeiro,RJ
São João de Meriti,RJ
Caruaru,PE
Caxias do Sul,RS
Caruaru,PE
Uberlândia,MG
Franca,SP
Curitiba,PR
Maringá,PR
Vila Velha,ES
Vitória,ES
Campo Grande,MS
Franca,SP
Franca,SP
Rio de Janeiro,RJ
Curitiba,PR
São José do Rio Preto,SP
Franca,SP
Natal,RN
Montes Claros,MG
Natal,RN
Rio de Janeiro,AL
Rio de Janeiro,RJ
Rio de Janeiro,RJ
Rio de Janeiro,RJ
Rio de Janeiro,RJ
Goiânia,GO
Governador Valadares,MG
Vitória,ES
Montes Claros,MG
Nova Iguaçu,RJ
Recife,PE
Rio de Janeiro,RJ
São Paulo,SP
Maringá,PR
São João de Meriti,RJ
Rio de Janeiro,RJ
Rio de Janeiro,RJ
São José do Rio Preto,SP
Duque de Caxias,RJ
Salvador,BA
Campo Grande,MS
Caruaru,PE
Palmas,TO
Recife,PE
São José do Rio Preto,SP
Santos,SP
Maringá,PR
Governador Valadares,MG
Campo Grande,MS
Rio de Janeiro,RJ
Nova Iguaçu,RJ
Santos,SP
Salvador,BA
Governador Valadares,MG
Governador Valadares,MG
São Luís,CE
Belo Horizonte,SC
Duque de Caxias,RJ
Palmas,TO
São José do Campos,SP
São João de Meriti,RJ
Recife,PE
Rio Branco ,AC
Bauru,SP
São José do Rio Preto,SP
Florianópolis,SC
Rio de Janeiro,RJ
Vila Velha,ES
Rio de Janeiro,RJ
Fortaleza,CE
Piracicaba,SP
Goiânia,GO
Uberlândia,MG
Belém do Pará,PA
Natal,RN
Uberlândia,MG
Manaus,AM
Rio Branco ,AC
Goiânia,GO
Jundiaí,SP
Fortaleza,CE
Santa Maria,MS
Jundiaí,SP
Montes Claros,MG
Salvador,BA
Goiânia,GO
Rio de Janeiro,RJ
Belo Horizonte,SC
Santos,SP
Pelotas,RS
Taubaté ,SP
Montes Claros,MG
Rio de Janeiro,RJ
Caxias do Sul,RS
Porto Velho,RO
Franca,SP
Piracicaba,SP
Florianópolis,SC
Rio de Janeiro,RJ
Manaus,AM
Recife,PE
Londrina,PR
Bauru,SP
Porto Velho,RO
São Paulo,SP
Pelotas,RS
Belém do Pará,PA
Contagem,MG
Santarém ,PA
Caruaru,PE
Florianópolis,SC
Porto Velho,RO
Rio de Janeiro,RJ
Duque de Caxias,RJ
Curitiba,PR
São José do Campos,SP
Pelotas,RS
Santarém ,PA
Nova Iguaçu,RJ
Montes Claros,MG
São João de Meriti,RJ
Recife,PE
Santa Maria,MS
Taubaté ,SP
Salvador,BA
Bauru,SP
Piracicaba,SP
Minas Gerais,MG
Rio Branco ,AC
São Luís,CE
Porto Velho,RO
Rio de Janeiro,RJ
Duque de Caxias,RJ
Jundiaí,SP
São Bernardo do Campo,SP
Recife,PE
São Luís,CE
Montes Claros,MG
Santarém ,PA
Bauru,SP
Governador Valadares,MG
Campo Grande,MS
São José do Rio Preto,SP
Florianópolis,SC
Duque de Caxias,RJ
Campinas,SP
São Bernardo do Campo,SP
Franca,SP
Rio de Janeiro,AL
São Bernardo do Campo,SP
São Paulo,SP
Belém do Pará,PA
Rio de Janeiro,RJ
Santa Maria,MS
Minas Gerais,MG
Goiânia,GO
Rio de Janeiro,RJ
Nova Iguaçu,RJ
Uberlândia,MG
São Luís,CE
Goiânia,GO
Santos,SP
Contagem,MG
São José do Campos,SP
Taubaté ,SP
Vitória,ES
Santos,SP
Bauru,SP
São Luís,CE
Recife,PE
Santos,SP
Rio de Janeiro,RJ
Jundiaí,SP
Rio de Janeiro,RJ
Rio de Janeiro,RJ
Vitória,ES
São José do Campos,SP
Rio de Janeiro,RJ
Minas Gerais,MG
Curitiba,PR
Rio de Janeiro,RJ
São Paulo,SP
Vitória,ES
Governador Valadares,MG
Rio de Janeiro,RJ
Maceió,AL
Nova Iguaçu,RJ
Salvador,BA
Franca,SP
Caruaru,PE
Fortaleza,CE
Uberlândia,MG
Manaus,AM
Rio de Janeiro,RJ
Rio Branco ,AC
Vila Velha,ES
Santa Maria,MS
Uberlândia,MG
Rio de Janeiro,RJ
Vila Velha,ES
Campo Grande,MS
Curitiba,PR
Rio de Janeiro,RJ
Rio de Janeiro,RJ
São José do Campos,SP
São Paulo,SP
Caruaru,PE
São Bernardo do Campo,SP
Governador Valadares,MG
Rio Branco ,AC
Governador Valadares,MG
Rio de Janeiro,RJ
Maceió,AL
Rio de Janeiro,RJ
Franca,SP
São João de Meriti,RJ
Rio de Janeiro,AL
São Bernardo do Campo,SP
Rio Branco ,AC
São Luís,CE
Minas Gerais,MG
São João de Meriti,RJ
Caxias do Sul,RS
Maceió,AL
Bauru,SP
Vila Velha,ES
Rio de Janeiro,RJ
Contagem,MG
Goiânia,GO
Minas Gerais,MG
Campo Grande,MS
Uberlândia,MG
Montes Claros,MG
Rio de Janeiro,AL
Rio de Janeiro,RJ
Rio de Janeiro,RJ
São José do Campos,SP
Campo Grande,MS
Santos,SP
São Paulo,SP
Rio de Janeiro,RJ
Maringá,PR
Florianópolis,SC
Florianópolis,SC
São João de Meriti,RJ
Florianópolis,SC
Contagem,MG
Santarém ,PA
Caxias do Sul,RS
Curitiba,PR
Manaus,AM
Bauru,SP
Salvador,BA
Manaus,AM
Rio de Janeiro,RJ
Santos,SP
São Paulo,SP
Porto Velho,RO
São José do Rio Preto,SP
Rio de Janeiro,RJ
Rio Branco ,AC
Rio de Janeiro,RJ
Vila Velha,ES
Recife,PE
Santos,SP
Piracicaba,SP
Recife,PE
Duque de Caxias,RJ
Rio de Janeiro,RJ
Contagem,MG
Belo Horizonte,SC
Rio de Janeiro,RJ
Belém do Pará,PA
São José do Rio Preto,SP
Vitória,ES
Uberlândia,MG
Londrina,PR
São José do Rio Preto,SP
Recife,PE
Campo Grande,MS
Salvador,BA
Bauru,SP
Recife,PE
Santarém ,PA
Florianópolis,SC
Rio de Janeiro,AL
Rio de Janeiro,AL
Maceió,AL
São José do Rio Preto,SP
Natal,RN
Minas Gerais,MG
Rio de Janeiro,AL
Goiânia,GO
Florianópolis,SC
Maceió,AL
Duque de Caxias,RJ
Nova Iguaçu,RJ
Maringá,PR
Manaus,AM
Caruaru,PE
Vitória,ES
São José do Campos,SP
Fortaleza,CE
Rio de Janeiro,RJ
Caruaru,PE
Palmas,TO
Rio de Janeiro,RJ
Campinas,SP
Belém do Pará,PA
Franca,SP
Pelotas,RS
Vila Velha,ES
Florianópolis,SC
Londrina,PR
Caxias do Sul,RS
Goiânia,GO
Uberlândia,MG
São José do Rio Preto,SP
Santarém ,PA
Natal,RN
Rio de Janeiro,RJ
São Luís,CE
Vitória,ES
Duque de Caxias,RJ
Rio Branco ,AC
Duque de Caxias,RJ
Palmas,TO
Manaus,AM
Caruaru,PE
Uberlândia,MG
Rio de Janeiro,RJ
Piracicaba,SP
Pelotas,RS
Santos,SP
Manaus,AM
Palmas,TO
Santarém ,PA
Rio de Janeiro,RJ
Belo Horizonte,SC
Santarém ,PA
Fortaleza,CE
Maceió,AL
Florianópolis,SC
Nova Iguaçu,RJ
Jundiaí,SP
Caxias do Sul,RS
Piracicaba,SP
Rio Branco ,AC
Campinas,SP
Natal,RN
Recife,PE
São Bernardo do Campo,SP
Duque de Caxias,RJ
Jundiaí,SP
Recife,PE
Londrina,PR
Franca,SP
Maringá,PR
Recife,PE
Rio de Janeiro,RJ
São José do Campos,SP
Pelotas,RS
Duque de Caxias,RJ
Vitória,ES
Belém do Pará,PA
São José do Rio Preto,SP
Taubaté ,SP
Rio de Janeiro,AL
Pelotas,RS
Belém do Pará,PA
Goiânia,GO
São José do Rio Preto,SP
Santarém ,PA
Taubaté ,SP
Belém do Pará,PA
Rio de Janeiro,AL
Salvador,BA
Natal,RN
Palmas,TO
Maceió,AL
Nova Iguaçu,RJ
Recife,PE
Rio de Janeiro,RJ
Santa Maria,MS
Santa Maria,MS
São José do Campos,SP
Rio de Janeiro,RJ
Franca,SP
Palmas,TO
Vila Velha,ES
Campinas,SP
Uberlândia,MG
Rio de Janeiro,RJ
Fortaleza,CE
São Paulo,SP
Santos,SP
Palmas,TO
Contagem,MG
Santa Maria,MS
Rio de Janeiro,RJ
Rio de Janeiro,RJ
Piracicaba,SP
Minas Gerais,MG
Belém do Pará,PA
Rio Branco ,AC
Jundiaí,SP
Pelotas,RS
Uberlândia,MG
Palmas,TO
Piracicaba,SP
Contagem,MG
Palmas,TO
São Luís,CE
São Bernardo do Campo,SP
Santa Maria,MS
Nova Iguaçu,RJ
São João de Meriti,RJ
Bauru,SP
Curitiba,PR
Santa Maria,MS
São José do Campos,SP
Rio de Janeiro,RJ
São Paulo,SP
Uberlândia,MG
Rio de Janeiro,RJ
Campinas,SP
Campo Grande,MS
Fortaleza,CE
Rio de Janeiro,RJ
Vila Velha,ES
Maringá,PR
Campinas,SP
Campinas,SP
Montes Claros,MG
Jundiaí,SP
Maringá,PR
Rio de Janeiro,RJ
São José do Rio Preto,SP
São José do Rio Preto,SP
Jundiaí,SP
Montes Claros,MG
Rio de Janeiro,RJ
Santarém ,PA
Santa Maria,MS
Curitiba,PR
Contagem,MG
Uberlândia,MG
Franca,SP
Porto Velho,RO
Rio de Janeiro,RJ
Governador Valadares,MG
Belém do Pará,PA
Rio Branco ,AC
Rio de Janeiro,RJ
Rio de Janeiro,RJ
Belém do Pará,PA
Curitiba,PR
Manaus,AM
São Bernardo do Campo,SP
Belo Horizonte,SC
Rio Branco ,AC
Rio Branco ,AC
Montes Claros,MG
São José do Rio Preto,SP
Vitória,ES
Palmas,TO
Recife,PE
Maceió,AL
Rio de Janeiro,AL
Rio de Janeiro,RJ
Palmas,TO
Salvador,BA
Belo Horizonte,SC
São Bernardo do Campo,SP
Taubaté ,SP
Piracicaba,SP
Recife,PE
Londrina,PR
Maringá,PR
Campo Grande,MS
Rio de Janeiro,AL
Rio de Janeiro,RJ
São José do Campos,SP
Caxias do Sul,RS
Vitória,ES
Montes Claros,MG
Rio Branco ,AC
São José do Campos,SP
São José do Rio Preto,SP
Rio de Janeiro,RJ
Manaus,AM
Governador Valadares,MG
Salvador,BA
Contagem,MG
Belém do Pará,PA
Goiânia,GO
Londrina,PR
Pelotas,RS
Contagem,MG
São José do Rio Preto,SP
Rio de Janeiro,RJ
Pelotas,RS
Rio de Janeiro,RJ
Rio de Janeiro,RJ
Belém do Pará,PA
Fortaleza,CE
Duque de Caxias,RJ
Campinas,SP
Uberlândia,MG
Rio Branco ,AC
Pelotas,RS
Rio de Janeiro,RJ
Caruaru,PE
Franca,SP
Natal,RN
Duque de Caxias,RJ
Vila Velha,ES
Natal,RN
Rio de Janeiro,RJ
Caxias do Sul,RS
Palmas,TO
Florianópolis,SC
Santarém ,PA
Palmas,TO
Piracicaba,SP
Vila Velha,ES
Rio de Janeiro,RJ
Governador Valadares,MG
São José do Campos,SP
Rio de Janeiro,RJ
Jundiaí,SP
Rio de Janeiro,RJ
Santos,SP
Taubaté ,SP
São Paulo,SP
Campinas,SP
Rio de Janeiro,RJ
Franca,SP
São José do Rio Preto,SP
Maceió,AL
Rio de Janeiro,RJ
Rio de Janeiro,RJ
Maceió,AL
Fortaleza,CE
Rio de Janeiro,AL
Bauru,SP
Rio de Janeiro,RJ
Rio de Janeiro,RJ
Minas Gerais,MG
Curitiba,PR
São Paulo,SP
Manaus,AM
Governador Valadares,MG
Campinas,SP
Rio de Janeiro,RJ
São Paulo,SP
São José do Rio Preto,SP
Goiânia,GO
Santa Maria,MS
São Paulo,SP
Santarém ,PA
Taubaté ,SP
São José do Campos,SP
Rio de Janeiro,RJ
Rio de Janeiro,RJ
Rio de Janeiro,RJ
Belém do Pará,PA
Recife,PE
São João de Meriti,RJ
São Luís,CE
Vila Velha,ES
Florianópolis,SC
Governador Valadares,MG
Florianópolis,SC
Rio de Janeiro,RJ
Caxias do Sul,RS
Santarém ,PA
Recife,PE
Duque de Caxias,RJ
Maceió,AL
São Bernardo do Campo,SP
Minas Gerais,MG
São José do Rio Preto,SP
Minas Gerais,MG
Palmas,TO
Rio de Janeiro,RJ
São José do Rio Preto,SP
Vitória,ES
Rio de Janeiro,RJ
Pelotas,RS
Contagem,MG
Jundiaí,SP
Duque de Caxias,RJ
Belém do Pará,PA
Bauru,SP
São Luís,CE
Londrina,PR
Porto Velho,RO
Governador Valadares,MG
São José do Rio Preto,SP
Londrina,PR
Taubaté ,SP
Piracicaba,SP
São Luís,CE
Jundiaí,SP
Rio de Janeiro,RJ
Porto Velho,RO
Goiânia,GO
São José do Rio Preto,SP
Montes Claros,MG
Franca,SP
Maringá,PR
Londrina,PR
São José do Rio Preto,SP
Vitória,ES
Nova Iguaçu,RJ
Minas Gerais,MG
Rio de Janeiro,AL
Florianópolis,SC
Recife,PE
Porto Velho,RO
Pelotas,RS
Rio de Janeiro,RJ
Jundiaí,SP
Santa Maria,MS
Caxias do Sul,RS
Taubaté ,SP
Rio de Janeiro,RJ
Maceió,AL
Contagem,MG
Rio de Janeiro,RJ
Caruaru,PE
São Luís,CE
Rio de Janeiro,AL
São José do Rio Preto,SP
Campo Grande,MS
Jundiaí,SP
Minas Gerais,MG
Campinas,SP
Campinas,SP
Porto Velho,RO
Piracicaba,SP
Rio de Janeiro,RJ
São Bernardo do Campo,SP
Santa Maria,MS
Salvador,BA
Piracicaba,SP
Rio de Janeiro,RJ
Recife,PE
Maringá,PR
São José do Campos,SP
Montes Claros,MG
Taubaté ,SP
Nova Iguaçu,RJ
Maringá,PR
Vitória,ES
Natal,RN
Manaus,AM
Natal,RN
Bauru,SP
Belo Horizonte,SC
Porto Velho,RO
Belém do Pará,PA
Nova Iguaçu,RJ
Maringá,PR
Nova Iguaçu,RJ
Florianópolis,SC
Contagem,MG
Rio Branco ,AC
Salvador,BA
Nova Iguaçu,RJ
Salvador,BA
Belém do Pará,PA
Salvador,BA
São Luís,CE
Rio de Janeiro,RJ
Curitiba,PR
Pelotas,RS
Pelotas,RS
Rio de Janeiro,RJ
Santarém ,PA
Belo Horizonte,SC
Maceió,AL
Recife,PE
Rio de Janeiro,RJ
Recife,PE
Natal,RN
Rio de Janeiro,RJ
Manaus,AM
Caxias do Sul,RS
Taubaté ,SP
São José do Rio Preto,SP
Rio de Janeiro,RJ
Londrina,PR
Rio de Janeiro,RJ
Florianópolis,SC
Duque de Caxias,RJ
Uberlândia,MG
Rio de Janeiro,AL
Recife,PE
São José do Rio Preto,SP
Santarém ,PA
Rio de Janeiro,RJ
Contagem,MG
Manaus,AM
Florianópolis,SC
Rio de Janeiro,RJ
Recife,PE
Maceió,AL
Recife,PE
Rio de Janeiro,RJ
Porto Velho,RO
Fortaleza,CE
Rio de Janeiro,RJ
São Luís,CE
Rio de Janeiro,RJ
Porto Velho,RO
Caruaru,PE
Santos,SP
Pelotas,RS
Rio de Janeiro,RJ
São José do Rio Preto,SP
Santa Maria,MS
Minas Gerais,MG
Caxias do Sul,RS
Fortaleza,CE
Londrina,PR
Goiânia,GO
Caruaru,PE
Rio de Janeiro,RJ
Campo Grande,MS
Fortaleza,CE
São Paulo,SP
Curitiba,PR
Santos,SP
Rio Branco ,AC
Contagem,MG
Caxias do Sul,RS
Recife,PE
Santos,SP
Rio de Janeiro,RJ
São José do Rio Preto,SP
Taubaté ,SP
São Bernardo do Campo,SP
Rio Branco ,AC
Bauru,SP
Pelotas,RS
Caruaru,PE
Vitória,ES
Goiânia,GO
Duque de Caxias,RJ
Vila Velha,ES
São Luís,CE
São João de Meriti,RJ
Vitória,ES
Rio de Janeiro,RJ
Rio de Janeiro,RJ
Campinas,SP
Rio de Janeiro,RJ
Montes Claros,MG
Recife,PE
São José do Rio Preto,SP
Fortaleza,CE
Rio de Janeiro,RJ
Santos,SP
Piracicaba,SP
Belo Horizonte,SC
São José do Rio Preto,SP
Belo Horizonte,SC
Minas Gerais,MG
Manaus,AM
Santarém ,PA
Contagem,MG
Rio de Janeiro,RJ
São Luís,CE
Porto Velho,RO
Taubaté ,SP
Montes Claros,MG
Maringá,PR
Porto Velho,RO
São José do Rio Preto,SP
Porto Velho,RO
São José do Rio Preto,SP
Maceió,AL
São José do Rio Preto,SP
Rio de Janeiro,AL
Londrina,PR
Nova Iguaçu,RJ
Contagem,MG
Uberlândia,MG
Caxias do Sul,RS
Recife,PE
Campinas,SP
Rio de Janeiro,RJ
Belo Horizonte,SC
Belo Horizonte,SC
Maceió,AL
Rio de Janeiro,RJ
Recife,PE
Campo Grande,MS
São Bernardo do Campo,SP
Rio de Janeiro,RJ
Santarém ,PA
Fortaleza,CE
Maringá,PR
Jundiaí,SP
Governador Valadares,MG
Taubaté ,SP
Fortaleza,CE
Natal,RN
Santarém ,PA
Rio de Janeiro,RJ
Campo Grande,MS
São João de Meriti,RJ
Bauru,SP
Santos,SP
São João de Meriti,RJ
Campinas,SP
Campo Grande,MS
São Luís,CE
Bauru,SP
São João de Meriti,RJ
Goiânia,GO
Campo Grande,MS
Santa Maria,MS
Belo Horizonte,SC
Fortaleza,CE
Salvador,BA
São José do Rio Preto,SP
Rio de Janeiro,RJ
Rio de Janeiro,RJ
Natal,RN
Jundiaí,SP
Recife,PE
Taubaté ,SP
Contagem,MG
Londrina,PR
Bauru,SP
Bauru,SP
Goiânia,GO
Santa Maria,MS
Fortaleza,CE
Fortaleza,CE
Belém do Pará,PA
Belo Horizonte,SC
Caxias do Sul,RS
Rio de Janeiro,RJ
Bauru,SP
São João de Meriti,RJ
Santos,SP
Uberlândia,MG
Fortaleza,CE
Goiânia,GO
Recife,PE
Belo Horizonte,SC
Pelotas,RS
Londrina,PR
Caxias do Sul,RS
Recife,PE
Caruaru,PE
Piracicaba,SP
Manaus,AM
Maceió,AL
São Luís,CE
Caxias do Sul,RS
São Bernardo do Campo,SP
Recife,PE
Belo Horizonte,SC
Curitiba,PR
Santos,SP
Campinas,SP
Vitória,ES
São José do Rio Preto,SP
Maringá,PR
São Bernardo do Campo,SP
Rio de Janeiro,RJ
Caruaru,PE
Jundiaí,SP
Taubaté ,SP
Montes Claros,MG
São João de Meriti,RJ
Campo Grande,MS
Vila Velha,ES
Minas Gerais,MG
Governador Valadares,MG
São Bernardo do Campo,SP
Londrina,PR
Maringá,PR
São Bernardo do Campo,SP
Contagem,MG
São João de Meriti,RJ
Vila Velha,ES
Franca,SP
Rio de Janeiro,RJ
Rio de Janeiro,AL
Rio de Janeiro,RJ
São João de Meriti,RJ
Campinas,SP
Governador Valadares,MG
Duque de Caxias,RJ
Londrina,PR
Rio de Janeiro,RJ
Franca,SP
Minas Gerais,MG
Santa Maria,MS
Londrina,PR
São João de Meriti,RJ
Curitiba,PR
Recife,PE
Minas Gerais,MG
Rio Branco ,AC
Rio de Janeiro,RJ
Nova Iguaçu,RJ
Natal,RN
Vitória,ES
Vila Velha,ES
Governador Valadares,MG
Recife,PE
Salvador,BA
São José do Campos,SP
Palmas,TO
São Bernardo do Campo,SP
São Paulo,SP
Recife,PE
Salvador,BA